{"name":"AnalisarTexto","identifier":"XF8T1MDIN1","description":"Intent para escrever palavras contidas na imagem","parentIntentSignature":null,"sampleUtterances":[{"utterance":"Texto da imagem?"},{"utterance":"O que tá escrito aqui?"},{"utterance":"Me diz o texto dessa foto"},{"utterance":"Extrai o texto"},{"utterance":"Qual é a escrita?"},{"utterance":"Leia isso pra mim"},{"utterance":"Palavras na imagem"},{"utterance":"Texto na foto"},{"utterance":"O que diz essa imagem?"},{"utterance":"Ver texto da imagem"},{"utterance":"Me fala o que tá escrito"},{"utterance":"Que palavras aparecem?"},{"utterance":"Dá pra ler isso?"},{"utterance":"Texto aqui"},{"utterance":"Mostra o texto"},{"utterance":"Me diz o que tá escrito"},{"utterance":"Escreva o texto dessa imagem"},{"utterance":"O que tá na foto?"},{"utterance":"Extrai as palavras"},{"utterance":"Qual o texto aqui?"},{"utterance":"Leitura da imagem"},{"utterance":"O que diz aqui?"},{"utterance":"Palavras na foto"},{"utterance":"Mostra as palavras"},{"utterance":"Qual o conteúdo?"},{"utterance":"Me fala as palavras"},{"utterance":"Texto contido na imagem"},{"utterance":"O que tá nessa imagem?"},{"utterance":"Escreve o que tá aqui"},{"utterance":"Ler o que tá na foto"},{"utterance":"Ler imagem"},{"utterance":"Texto contido"},{"utterance":"O que diz na imagem?"},{"utterance":"Mostre o que tá escrito"},{"utterance":"Texto dessa imagem"},{"utterance":"Palavras da imagem"},{"utterance":"Me diz o que tá na foto"},{"utterance":"Qual a mensagem?"},{"utterance":"Que palavras tão aqui?"},{"utterance":"Dá pra ler o texto?"},{"utterance":"Ler o que tá aqui"},{"utterance":"Ver o texto na foto"},{"utterance":"Analisar a imagem"},{"utterance":"Mostra o conteúdo"},{"utterance":"Texto nessa imagem"},{"utterance":"Qual o texto contido?"},{"utterance":"Ler o que tem aqui"},{"utterance":"Ler a foto"},{"utterance":"O que tá escrito?"},{"utterance":"Qual é o texto presente nesta imagem?"},{"utterance":"Pode identificar o texto contido na foto?"},{"utterance":"Quais palavras estão escritas na imagem?"},{"utterance":"Extrai o conteúdo textual desta imagem, por favor."},{"utterance":"Poderia me informar o que está escrito na foto?"},{"utterance":"Qual é o conteúdo textual contido na imagem?"},{"utterance":"Pode me mostrar o texto presente nesta imagem?"},{"utterance":"Leia o texto da imagem para mim, por favor."},{"utterance":"Quais são as palavras que aparecem na imagem?"},{"utterance":"Poderia analisar o texto desta foto?"}],"intentConfirmationSetting":null,"intentClosingSetting":null,"initialResponseSetting":{"conditional":null,"codeHook":{"isActive":true,"enableCodeHookInvocation":true,"postCodeHookSpecification":{"failureResponse":null,"failureNextStep":{"sessionAttributes":null,"intent":{"name":null,"slots":null},"dialogAction":{"type":"EndConversation","slotToElicit":null,"suppressNextMessage":null}},"failureConditional":null,"successResponse":null,"successNextStep":{"sessionAttributes":null,"intent":{"name":null,"slots":null},"dialogAction":{"type":"EndConversation","slotToElicit":null,"suppressNextMessage":null}},"successConditional":null,"timeoutResponse":null,"timeoutNextStep":{"sessionAttributes":null,"intent":{"name":null,"slots":null},"dialogAction":{"type":"EndConversation","slotToElicit":null,"suppressNextMessage":null}},"timeoutConditional":null},"invocationLabel":null},"nextStep":{"sessionAttributes":null,"intent":{"name":null,"slots":null},"dialogAction":{"type":"InvokeDialogCodeHook","slotToElicit":null,"suppressNextMessage":null}},"initialResponse":null},"inputContexts":null,"outputContexts":null,"kendraConfiguration":null,"qnAIntentConfiguration":null,"bedrockAgentIntentConfiguration":null,"dialogCodeHook":null,"fulfillmentCodeHook":null,"slotPriorities":[]}