{"name":"AnalisarImagem","identifier":"TUZV4GNB14","description":null,"parentIntentSignature":null,"sampleUtterances":[{"utterance":"Quero enviar uma foto"},{"utterance":"Quero enviar uma imagem"},{"utterance":"Imagem"},{"utterance":"Analisar"},{"utterance":"Descreva essa imagem para mim"},{"utterance":"O que você vê nessa foto"},{"utterance":"Pode me dizer o que tem nessa imagem"},{"utterance":"Analisar e descrever"},{"utterance":"Qual é o conteúdo dessa imagem"},{"utterance":"O que aparece na foto"},{"utterance":"Me diz o que tem na imagem"},{"utterance":"O que você consegue ver aqui"},{"utterance":"Me descreve a imagem"},{"utterance":"O que tem nessa foto"},{"utterance":"Análise da imagem"},{"utterance":"Pode analisar essa imagem"},{"utterance":"Descreva o que está na imagem"},{"utterance":"O que tem nessa imagem"},{"utterance":"O que dá pra ver na foto"},{"utterance":"Análise visual da imagem"},{"utterance":"Conteúdo da imagem"},{"utterance":"O que você vê aqui"},{"utterance":"Descreva o que aparece na foto"},{"utterance":"O que essa imagem mostra"},{"utterance":"Analisar foto"},{"utterance":"O que está sendo mostrado na imagem"},{"utterance":"Qual é a descrição dessa foto"},{"utterance":"O que tem aqui"},{"utterance":"Qual é o conteúdo visual da imagem"},{"utterance":"Descreve o que tem na imagem"},{"utterance":"Me conte o que você vê na imagem"},{"utterance":"O que há nessa imagem"},{"utterance":"Analisar o que tem na foto"},{"utterance":"Descrição da imagem"},{"utterance":"Me fala o que tem nessa imagem"},{"utterance":"O que tá mostrando nessa foto"},{"utterance":"Me diz o que aparece na imagem"},{"utterance":"Pode descrever essa foto"},{"utterance":"Me mostra o que tem na imagem"},{"utterance":"O que você vê na foto"},{"utterance":"Analise da foto"},{"utterance":"Descreva o conteúdo da imagem"},{"utterance":"Me fale o que tem na imagem"},{"utterance":"O que você pode ver aqui"},{"utterance":"Descreve o que está na foto"},{"utterance":"O que está na imagem"},{"utterance":"Pode me dizer o que aparece nessa imagem"},{"utterance":"O que está mostrando na foto"},{"utterance":"O que você consegue identificar na imagem"},{"utterance":"Descreve o que vê na imagem"},{"utterance":"Me fale o que aparece nessa foto"},{"utterance":"O que dá pra ver aqui"},{"utterance":"O que você vê nessa imagem"},{"utterance":"Me descreve o conteúdo da imagem"},{"utterance":"O que é mostrado nessa foto"},{"utterance":"Pode analisar essa foto"},{"utterance":"Qual é a descrição visual da imagem"},{"utterance":"Me diga o que aparece na foto"},{"utterance":"Analisar imagem"}],"intentConfirmationSetting":null,"intentClosingSetting":{"isActive":true,"nextStep":{"sessionAttributes":null,"dialogAction":{"type":"EndConversation","slotToElicit":null,"suppressNextMessage":null},"intent":{"name":null,"slots":null}},"closingResponse":null},"initialResponseSetting":{"conditional":null,"codeHook":{"isActive":true,"invocationLabel":null,"postCodeHookSpecification":{"failureResponse":null,"failureNextStep":{"sessionAttributes":null,"dialogAction":{"type":"EndConversation","slotToElicit":null,"suppressNextMessage":null},"intent":{"name":null,"slots":null}},"failureConditional":null,"successResponse":null,"successNextStep":{"sessionAttributes":null,"dialogAction":{"type":"CloseIntent","slotToElicit":null,"suppressNextMessage":null},"intent":{"name":null,"slots":null}},"successConditional":null,"timeoutResponse":null,"timeoutNextStep":{"sessionAttributes":null,"dialogAction":{"type":"EndConversation","slotToElicit":null,"suppressNextMessage":null},"intent":{"name":null,"slots":null}},"timeoutConditional":null},"enableCodeHookInvocation":true},"nextStep":{"sessionAttributes":null,"dialogAction":{"type":"EndConversation","slotToElicit":null,"suppressNextMessage":null},"intent":{"name":null,"slots":null}},"initialResponse":{"messageGroupsList":[{"message":{"ssmlMessage":null,"customPayload":null,"plainTextMessage":{"value":"Certo! Por favor, envie a imagem que deseja que seja analisada. 🔍"},"imageResponseCard":null},"variations":null}],"allowInterrupt":true}},"inputContexts":null,"outputContexts":null,"kendraConfiguration":null,"qnAIntentConfiguration":null,"bedrockAgentIntentConfiguration":null,"dialogCodeHook":null,"fulfillmentCodeHook":null,"slotPriorities":[]}